id,Date,User,Tweet,Media,Likes,Retweets,Comments
0,2022-09-29 17:48:44+00:00,Clem_Autain,Le RN entretient des relations avec la Russie. https://t.co/THFwFDRwa5,https://pbs.twimg.com/media/Fd10HETWIAES7fG?format=jpg&name=large,4978,958,4198
1,2022-12-23 15:53:21+00:00,LutteOuvriere,"#Guerre #Russie-#Ukraine, les travailleurs üá∑üá∫ et üá∫üá¶ transform√©s en chair √† canon sur le front et surexploit√©s dans les usines. Quand ils tentent de r√©sister ils sont syst√©matiquement r√©prim√©s par les polices de #Poutine et #Zelenski avec la b√©n√©diction des dirigeants capitalistes",,41,16,1
2,2022-11-22 15:11:59+00:00,LutteOuvriere,"Lors du sommet de la Francophonie √† #Djerba, #Macron accuse la #Russie d'un ""projet de pr√©dation"" en #Afrique.
En mati√®re de pillage des richesses par les trusts, d'exploitation des populations, de violences militaires, ce chef de l'imp√©rialisme fran√ßais, parle en expert ! https://t.co/GgEHxCiopx",https://pbs.twimg.com/media/FiLV_vtWQAA2zcV?format=jpg&name=large,31,17,2
3,2022-11-20 09:05:07+00:00,LutteOuvriere,"L‚Äô#Ukraine : terrain d‚Äôaffrontement entre l‚Äôimp√©rialisme et la #Russie
Retrouvez la vid√©o (2/2) du Cercle L√©on Trotsky sur ce sujet üëáhttps://t.co/OvCYdGaY4C",,10,5,0
4,2022-11-20 09:02:43+00:00,LutteOuvriere,"L‚Äô#Ukraine : terrain d‚Äôaffrontement entre l‚Äôimp√©rialisme et la #Russie
Retrouvez en vid√©o le Cercle L√©on Trotsky sur ce sujetüëá https://t.co/OQjlyHbNaI",,21,14,12
5,2022-11-15 09:57:19+00:00,LutteOuvriere,"L‚Äô#UKRAINE : TERRAIN D‚ÄôAFFRONTEMENT ENTRE L‚ÄôIMP√âRIALISME ET LA #RUSSIE

Venez participer √† la conf√©rence du Cercle L√©on Trotsky organis√© par @LutteOuvriere

SAMEDI 19 NOVEMBRE √† 15h
Grande salle de la Mutualit√© au c
24, rue Saint-Victor, Paris 5e
M√©tro Maubert-Mutualit√© https://t.co/e2F9EUbN0C",https://pbs.twimg.com/media/FhmK7q-XEAEj4cq?format=jpg&name=large,39,26,1
6,2022-11-01 11:08:22+00:00,LutteOuvriere,"Honteux blocage par la Russie du bl√© ukrainien. En retour les #USA accusent la Russie d‚Äôaffamer les pays pauvres.
Cela vise √† masquer les capitalistes exportateurs mondiaux de c√©r√©ales #Cargill #LouisDreyfus qui s‚Äôenrichissent en sp√©culant sur la guerre !üëáhttps://t.co/Bx6OzzZBLN",,26,11,1
7,2022-09-25 16:51:15+00:00,LutteOuvriere,"#RussianArmy Malgr√© la censure, les arrestations &amp; les condamnations, la contestation continue en #Russie. 
√Ä souhaiter que #Poutine apprenne √† ses d√©pens que la guerre peut se retourner contre les dirigeants &amp; les nantis. Comme l‚Äôappr√Æt Nicolas II lors de la r√©volution de 1917‚Ä¶",,46,26,0
8,2022-08-04 06:17:54+00:00,LutteOuvriere,"- Inflation : qui la paye, qui en profite
- Taxe sur superprofits : un leurre
- Secteur du luxe : b√©n√©fices insolents
- SNCF : p√©nurie de trains, r√©seau d√©liquescent
- Russie-Ukraine‚Äâ: guerre contre les peuples
- MBS √† l‚Äô√âlys√©e : un boucher fr√©quentable
https://t.co/yrIietAk5güëá https://t.co/1ggPXBhtkl",https://pbs.twimg.com/media/FZS89NwWIAEYMZL?format=jpg&name=large,30,14,1
9,2022-07-27 08:10:53+00:00,LutteOuvriere,"#Macron vient en Afrique v√©rifier son pr√©-carr√© alors que l'arm√©e fran√ßaise a quitt√© le Mali et que la Russie fait les yeux doux aux dictateurs locaux. Pour pr√©server les int√©r√™ts des Bouygues, Bollor√© et autres pilleurs de richesses, Macron est pr√™t √† mouiller la chemise.",,25,16,1
10,2022-06-24 15:52:35+00:00,LutteOuvriere,"Sanction √©conomiques et blocus de #Kaliningrad : ce sont les populations d'#Ukraine, de l'enclave de Kaliningrad et peut-√™tre √† terme de #Lituanie qui font les frais de l'escalade des tensions entre la #Russie et l'#UE et les #√âtatsUnis. https://t.co/ggDRXDpJ0v",https://pbs.twimg.com/media/FWB2NkIX0AITqOF.jpg,21,14,0
11,2022-05-19 11:54:56+00:00,LutteOuvriere,"Quand un simple lapsus signifie beaucoup plus qu'une simple erreur. L'imp√©rialisme am√©ricain reproche √† la #Russie exactement ce qu'ils ont fait √† l'#Irak et l'#Afghanistan. Tant que le capitalisme r√®gnera, l'imp√©rialisme imposera sa politique de brigands.",,50,37,1
12,2022-05-06 07:10:26+00:00,LutteOuvriere,"Au sommaire du dernier num√©ro : 
-Accord √† gauche : nouvelle enseigne, vieilles illusions
-Du Front populaire √† l‚ÄôUnion populaire : au service de la bourgeoisie
-Retraites : il faudra les d√©fendre 
-Ukraine - Russie : les EU veulent que le conflit dure
‚Ä¶
https://t.co/yrIietAk5g https://t.co/v4JYW0VFkf",https://pbs.twimg.com/media/FSDp5V7WQAEKpsQ?format=jpg&name=large,29,18,0
13,2022-03-31 08:33:00+00:00,LutteOuvriere,"Seychelles, Somalie ou √ârythr√©e: ~100 % du #bl√© vient de #Russie ou d‚Äô#Ukraine. D'autres d√©pendent aussi du bl√© ukrainien.

Catastrophique pour Ukrainiens et Russes, la guerre l‚Äôest aussi dans le monde entier, menac√© de faim. 

C‚Äôest le visage r√©voltant du d√©sordre imp√©rialiste. https://t.co/ZxqtTghisM",https://pbs.twimg.com/media/FPKQC1EWUAUkqDX?format=jpg&name=large,29,19,0
14,2022-03-25 12:02:35+00:00,LutteOuvriere,"#Renault : maintien des salaires des ouvriers russes ! En #Russie comme ici, les ouvriers n'ont pas √† payer pour les choix de Renault. Pas de sacrifices pour sauver les profits. #UkraineRussiaWar https://t.co/53KPnQ5T5x",,28,22,3
15,2022-03-24 12:07:37+00:00,LutteOuvriere,"""Ceux [les industriels] qui partent [de Russie] font le m√™me calcul en r√©alit√©, c'est un calcul d'image, ils essaient de pr√©server leurs int√©r√™ts √† long terme"", a estim√© @n_arthaud, ""Total a fonctionn√© sous toutes les dictatures"". 
via @BFMTV https://t.co/202W7k82aM",https://pbs.twimg.com/media/FOnRgDfWYAEIBJL?format=jpg&name=large,23,14,0
16,2022-03-23 09:19:26+00:00,LutteOuvriere,"Sanction contre la #Russie ou pas #TotalEnergies trouve toujours le moyen de se remplir les poches sur le dos des travailleurs. Tant que la soci√©t√© ne se sera pas d√©barrass√© du capitalisme, les sp√©culateurs pourront toujours tirer profits de toutes les crises.",,27,17,1
17,2022-03-19 16:47:23+00:00,LutteOuvriere,"#Russie : les sanctions vont faire souffrir les pauvres, pas les oligarques. Souvenons-nous qu'en Irak, l'embargo √©conomique a caus√© la mort de 600 000 enfants üëá
#Ukraine #Presidentielle2022 @n_arthaud https://t.co/bkAsm3lkfE",https://pbs.twimg.com/media/FOOheQFXMAA3BNK.jpg,16,12,1
18,2022-03-16 18:57:00+00:00,LutteOuvriere,"Il a fallu la concurrence avec la #Russie pour que les m√©dias fran√ßais se braquent sur les exactions de la #FAMA. 
‚û° Rien de nouveau pourtant: la #FAMA a √©t√© form√©e + √©quip√©e pendant des d√©cennies par l‚Äôarm√©e fran√ßaise, comme soutien des dictateurs qui se sont succ√©d√©s √† Bamako.",,21,14,2
19,2022-03-01 06:49:00+00:00,LutteOuvriere,"Sanctions √©conomiques  :
üî¥ Ce sont toujours les populations et pas les poss√©dants soi-disant vis√©s qui trinquent par la baisse de leur pouvoir d'achat.
üî¥ Les imposer contre la #Russie permettra √† Poutine de se donner le r√¥le de d√©fenseur de la population qu'il √©crase. https://t.co/Yi3TPdRjOd",https://pbs.twimg.com/media/FMviVskWQAMm9Fq?format=jpg&name=large,27,12,0
20,2022-02-25 22:50:35+00:00,LutteOuvriere,"Russie : nbreuses manifs anti guerre. Ceux qui ne tombent pas dans le pi√®ge du nationalisme ont raison.
Ici aussi, il faut refuser toute union sacr√©e car de part et d'autre du front, les populations sont otages de la confrontation entre Poutine et l'Otan. https://t.co/7yaM8egXQI",,47,25,2
21,2022-09-03 16:53:15+00:00,patrice_leclerc,@charpentierdam2 Je ne crois pas on emp√™che l‚Äôentr√©e en Europe pas l‚Äôentr√©e en Russie,,1,0,1
22,2022-05-14 12:09:37+00:00,patrice_leclerc,J√©nine et J√©rusalem Est ne sont pas en Israel comme Kiev n'est pas en Russie. C'est bien un acte de guerre. Un meurtre commis par l'arm√©e d'occupation de l'Etat colonial Isra√©lien. La France doit reconnaitre officiellement l'Etat de Palestine. L'Europe doit sanctionner Israel. https://t.co/nTrCv80ZMU,https://pbs.twimg.com/media/FSt6rIdWIAEonmi?format=jpg&name=large,5,1,1
23,2022-09-08 16:16:54+00:00,vincent_boulet,"J'interviendrai √† @FetedelHumanite  au d√©bat ""la Russie : par del√† les √©vidences"" avec Francis Wurtz et Dominique Bari

Sur le stand de @pcf_94  
Samedi √† 11 h 30 

Merci √† la Pens√©e @FondationGPeri 
@PCF_monde https://t.co/pMcAAgA1nZ",https://pbs.twimg.com/media/FcJVjLeWQAUaOJF?format=jpg&name=large,2,0,0
24,2022-08-13 11:38:25+00:00,vincent_boulet,Absurde et dangereux. Cela accr√©diterait le discours en vogue en Russie,,5,0,0
25,2022-02-25 15:59:27+00:00,vincent_boulet,"La France doit agir pour arr√™ter la guerre, pour la paix  et la s√©curit√© collective ! #Ukraine #Russie https://t.co/EyqeoMv98o",https://pbs.twimg.com/media/FMdDsNbXoA0_Dkv?format=jpg&name=large,31,11,2
26,2022-12-09 14:28:29+00:00,PhilippePoutou,"Le NPA et ses porte-parole Philippe Poutou Olivier Besancenot et Christine Poupin sont signataires de cette tribune √† l‚Äôinitiative du R√©seau Europ√©en de Solidarit√© avec l‚ÄôUkraine.
Manifestation √† Paris demain samedi, 14h place Trocad√©ro 

https://t.co/S5vrS6foid",,46,11,9
27,2022-09-15 16:34:36+00:00,PhilippePoutou,"Poing hebdo du NPA
Avec Christian Varquat, membre de la direction du NPA et de la commission internationale du NPA
#npa #ukraine",,35,7,4
28,2022-04-06 18:15:00+00:00,PhilippePoutou,"Clip #Poutou2022 #7 - Ukraine
Pour ce clip on a voulu donner la parole √† des militants russe et ukrainienne qui se battent contre la guerre de Poutine, pour qu‚Äôils nous racontent leur point de vue. https://t.co/VFY88fjmxF",https://pbs.twimg.com/amplify_video_thumb/1511671386741395460/img/eikJLXnP77jGFGXi.jpg,208,58,16
29,2022-03-29 19:14:30+00:00,PhilippePoutou,"Olivier Besancenot, porte-parole de Philippe Poutou, interview√© ce soir au JT de 20h de France 2, √† propos de la campagne pr√©sidentielle, de la Corse, de l'Ukraine... https://t.co/7TjRCd11HN",https://pbs.twimg.com/media/FPCi3P0WYAsbbni.jpg,143,33,9
30,2022-03-27 19:00:01+00:00,PhilippePoutou,"Interview de @SalinguePauline, porte-parole de Philippe Poutou, sur BFM-TV ce dimanche 27 mars, √† propos de la campagne, de l'Ukraine et des petits probl√®mes de Le Pen en Guadeloupe. https://t.co/iZ9mMsyaHg",https://pbs.twimg.com/amplify_video_thumb/1508149451281555461/img/AJwF0Gl0wB_7LLRt.jpg,125,32,4
31,2022-03-22 21:22:36+00:00,PhilippePoutou,"Interview aujourd'hui lors du JT de France 3, √† propos de la campagne √©lectorale, de la situation en Corse apr√®s la mort d'Yvan Colonna, de l'Ukraine... https://t.co/cnifLaraxT",https://pbs.twimg.com/media/FOe85LDX0Akj0PJ.jpg,826,206,44
32,2022-03-22 13:27:04+00:00,PhilippePoutou,"Olivier Besancenot invit√© de la matinale de France Info, interview√© √† propos de la situation en Corse apr√®s la mort d'Yvan Colonna, de la guerre en Ukraine et de la campagne pr√©sidentielle. https://t.co/QnGIVce8Jy",https://pbs.twimg.com/media/FOdQcVqXoAEh7nQ.jpg,147,43,5
33,2022-03-18 10:46:54+00:00,PhilippePoutou,"Interview aux ""4 V√©rit√©s"" (France 2) ce matin. On a parl√© de la campagne pr√©sidentielle, de Macron l'arrogant et de son programme antisocial, de l'Ukraine, du pr√©tendu ""vote utile"", et de nos propositions pour une rupture anticapitaliste. https://t.co/mDzAmnGqBp",https://pbs.twimg.com/media/FOIFLZIXEAEL66K.jpg,301,82,10
34,2022-03-13 09:33:10+00:00,PhilippePoutou,"Invit√© ce matin sur BFM-TV.  On a parl√© de la campagne pr√©sidentielle, des prix du carburant, de la guerre en Ukraine... Et de la n√©cessit√© de se r√©volter et de prendre nos affaires en main. https://t.co/b1MoJ8eZ3R",https://pbs.twimg.com/media/FNuEfiHXwAAi6XX.jpg,1735,400,46
35,2022-03-10 11:17:36+00:00,PhilippePoutou,"Contre l‚Äôimp√©rialisme, contre le colonialisme, contre toutes les dominations, pour la d√©mocratie : le droit des peuples et des populations √† disposer d‚Äôeux et d‚Äôelles m√™mes, c‚Äôest vrai et c‚Äôest urgent pour l‚ÄôUkraine, c‚Äôest vrai pour la Palestine, c‚Äôest vrai aussi pour la Corse !",,2048,323,152
36,2022-02-26 17:39:23+00:00,PhilippePoutou,"Rassemblement de soutien au peuple ukrainien √† Bordeaux.
Contre l‚Äôagression de #Poutine en #Ukraine! Contre les guerres imp√©rialistes! Pour le droit √† l‚Äôautod√©termination des peuples! https://t.co/xNKthxrJUV",https://pbs.twimg.com/amplify_video_thumb/1497626552007282698/img/eANYDMYtkNPpTojY.jpg,1232,146,41
37,2022-02-25 11:02:19+00:00,PhilippePoutou,"Ce matin sur LCI, @olbesancenot rappelle notre condamnation de l'agression de Poutine contre l'Ukraine, notre opposition aux guerres imp√©rialistes et la n√©cessit√© de poser, d√®s maintenant, la question de l'accueil des r√©fugi√©¬∑e¬∑s.",,301,49,5
38,2022-02-24 09:16:06+00:00,PhilippePoutou,"Solidaires du peuple ukrainien face √† l'agression militaire de #Poutine. Assez de voir les peuples victimes des puissances imp√©rialistes et des conflits et rivalit√©s entre elles. Pour le droit des peuples √† disposer d'eux-m√™mes! √Ä bas la guerre! 
#Ukraine #UkraineRussie",,4189,706,188
39,2022-05-30 16:49:39+00:00,Clem_Autain,"Toutes mes condol√©ances aux proches de Fr√©d√©ric Leclerc Imhoff qui suivait la guerre en Ukraine pour @BFMTV, tu√© par un tir russe.
La presse est bien trop souvent prise pour cible ces derniers temps par des militaires. C'est inadmissible et contraire au droit international.",,459,71,109
40,2022-05-08 13:25:05+00:00,Clem_Autain,"√Ä l'heure o√π la guerre se d√©roule sous nos yeux en Ukraine, avec le massacre voulu par Poutine et la menace d'une g√©n√©ralisation du conflit, c√©l√©brer la fin de la Seconde Guerre mondiale en ce #8mai1945 prend une importance et une gravit√© toute singuli√®re.
√Ä #Villepinte üëá https://t.co/aBWzKqQz8d",https://pbs.twimg.com/media/FSPS0UeWQAQBMt1?format=jpg&name=large,318,57,40
41,2022-03-05 15:16:22+00:00,Clem_Autain,"Au rassemblement Place de la R√©publique pour la paix et en soutien au peuple ukrainien.
#Ukraine #StandWithUkraineÔ∏è https://t.co/k29eg0MhHY",https://pbs.twimg.com/media/FNGGZI1WYAoQ7m0?format=jpg&name=large,302,76,334
42,2022-03-04 14:33:20+00:00,Clem_Autain,"Le groupe parlementaire LFI appelle √† faire entendre la voix de la France en faveur d'une solidarit√© qui ne souffre d'aucune exception et √† employer tous les moyens diplomatiques possibles pour garantir l'accueil de tous les civils qui fuient l'Ukraine
Notre lettre √† @JY_LeDrian https://t.co/9EvcLOKtXD",https://pbs.twimg.com/media/FNAzG0FWUBAiBDv?format=jpg&name=large,217,80,23
43,2022-03-02 17:30:21+00:00,Clem_Autain,"L'assembl√©e g√©n√©rale de l'#ONU condamne l'agression de l'#Ukraine par le r√©gime de #Poutine : 141 voix pour, 5 contre et 35 abstentions. Jour historique, jamais la communaut√© internationale n'a √©t√© aussi soud√©e.",,627,153,123
44,2022-03-01 11:22:31+00:00,Clem_Autain,"Profond √©c≈ìurement devant le racisme qui s'√©tale aux fronti√®res de l'Ukraine. Ce tri selon la couleur de peau, l'origine, est d'une indignit√© sans nom et il est terrifiant de devoir le dire. Exigeons l'accueil inconditionnel pour ceux qui fuient les bombes
https://t.co/Vd4uRWOrdC",,1226,476,127
45,2022-02-24 17:30:50+00:00,Clem_Autain,Vive √©motion place de la R√©publique. Soutien au peuple ukrainien. Nous exigeons le retrait des troupes russes et nous appelons la communaut√© internationale √† oeuvrer pour la paix. #Ukraine https://t.co/UPljlF1ewQ,https://pbs.twimg.com/media/FMYO-x6XsAYL6nP?format=jpg&name=large,861,228,153
46,2022-02-24 06:36:34+00:00,Clem_Autain,"Terrible basculement ce matin....  Mes premi√®res pens√©es vont aux populations civiles directement menac√©es, √† nos compatriotes qui se trouvent dans la r√©gion. L'agression militaire russe contre l'Ukraine est ill√©gitime. Elle doit cesser imm√©diatement. 1/3",,766,157,134
47,2022-12-09 14:28:55+00:00,olbesancenot,"Le NPA et ses porte-parole Philippe Poutou Olivier Besancenot et Christine Poupin sont signataires de cette tribune √† l‚Äôinitiative du R√©seau Europ√©en de Solidarit√© avec l‚ÄôUkraine.
Manifestation √† Paris demain samedi, 14h place Trocad√©ro 

https://t.co/ewNOaJEJSy",,38,10,3
48,2022-12-08 08:43:20+00:00,olbesancenot,Une  lev√©e de fonds est lanc√©e par le r√©seau europ√©en de solidarit√© avec l‚ÄôUkraine (ENSU) pour aider des organisations f√©ministes ukrainiennes. L‚Äôhiver est l√† et les besoins sont immense ! Merci √† vous https://t.co/3MmW88UTSm,,21,17,3
49,2022-06-05 11:20:04+00:00,olbesancenot,"De retour d‚ÄôUkraine 7/ Discussion avec Anastasia, Yana et Knesia, f√©ministes ukrainiennes. Retrouvez l‚Äôenti√®ret√© de l‚Äôentretien ici https://t.co/HVawENlHph https://t.co/3yCEDNhdMi",https://pbs.twimg.com/ext_tw_video_thumb/1533408209788190721/pu/img/JYl5KyQA6NIE2VEv.jpg,26,9,2
50,2022-06-04 12:45:15+00:00,olbesancenot,"De retour d‚ÄôUkraine 6/ L‚Äôaccueil des r√©fugi√©s aux fronti√®res avec Dorota et Pauline, membres de l‚Äôorganisation polonaise RAZEM. Retrouvez l‚Äôentretien en entier ici https://t.co/7B5ka94HG3 https://t.co/gyKOBbCwju",https://pbs.twimg.com/ext_tw_video_thumb/1533067201401561090/pu/img/ZqzWHyjI-IdtjefA.jpg,13,4,1
51,2022-06-02 10:58:21+00:00,olbesancenot,"De retour d‚ÄôUkraine.4/Entretien avec Volodym, conducteur de la locomotive VL ( Vladimir L√©nine). Film√© dans sa cabine et sur son trajet Extrait. Retrouvez l‚Äôint√©gralit√© ici https://t.co/DWm9GbmNVP https://t.co/UGi9eViXVY",https://pbs.twimg.com/ext_tw_video_thumb/1532315556803649538/pu/img/srAat6dgOlHEDwKS.jpg,21,6,1
52,2022-05-30 12:27:51+00:00,olbesancenot,"De retour d‚ÄôUkraine. Alors que la guerre s‚Äôintensifie, voici une s√©rie d‚Äôentretiens que nous avons film√©s √† Lviv avec des activistes de la gauche sociale et politique ukrainienne. Aujourd‚Äôhui Vitalyi du Mouvement Social. Retrouvez l‚Äôint√©gralit√© sur ce lien https://t.co/zef9hgY0SY https://t.co/fDeI573SKJ",https://pbs.twimg.com/ext_tw_video_thumb/1531250880670060551/pu/img/3ajmO2p9YLfbkXoO.jpg,38,13,0
53,2022-05-26 11:17:57+00:00,olbesancenot,"De retour d‚ÄôUkraine, entretien film√© avec Vitalyi Doudine de l‚Äôorganisation ¬´¬†Mouvement Social¬†¬ª. Vous pouvez la visionner ici.
Semaine de solidarit√© avec la r√©sistance ukrainienne / Vitalyi Doudine https://t.co/zef9hgY0SY via @YouTube",,27,14,5
54,2022-03-22 15:41:22+00:00,olbesancenot,"Invit√© aujourd‚Äôhui de la matinale de France Info, interview √† propos de la situation en Corse apr√®s la mort d'Yvan Colonna, de la guerre en Ukraine et de la campagne pr√©sidentielle de Philippe Poutou.

https://t.co/2cuSzmaHGR",https://pbs.twimg.com/media/FOdQcVqXoAEh7nQ.jpg,75,33,3
55,2022-02-24 09:44:00+00:00,olbesancenot,Stop √† la guerre en Ukraine !,,159,32,13
56,2022-12-08 08:00:12+00:00,LutteOuvriere,"La motion du congr√®s de @LutteOuvriere sur la guerre en #Ukraine üëá

https://t.co/JbBcTBuDH3",,29,18,0
57,2022-11-18 12:40:41+00:00,LutteOuvriere,"#Ukraine #Pologne Cette fois-ci l‚Äôescalade n‚Äôa pas franchi d‚Äô√©tape. Faut-il pr autant faire confiance aux dirigeants imp√©rialistes pour assurer la paix¬†? S√ªrement pas. Pour √©viter l‚Äôembrasement g√©n√©ral, c‚Äôest au r√®gne du capitalisme qu‚Äôil faudra mettre fin.https://t.co/MMIJO6qu8c",,24,11,0
58,2022-10-27 14:32:00+00:00,LutteOuvriere,"#Ukraine: la guerre continue mais les annonces sur les march√©s de la reconstruction s'encha√Ænent d√©j√†.
Cela repr√©sentera 1 v√©ritable manne pour les g√©ants du BTP.
Guerre et concurrence √©conomique se nourrissent dans une fuite en avant, au profit des capitalistes les + puissants. https://t.co/dY8zPCb6LZ",https://pbs.twimg.com/media/FgFPQn-VsAAXX5z?format=jpg&name=large,23,11,2
59,2022-10-19 19:35:58+00:00,LutteOuvriere,"Gr√®ves pour les salaires √† #TotalEnergies #Stellantis #SNCF #Continental #Monoprix‚Ä¶

Raffineries : gvt contre les #gr√©vistes d√©fend milliardaires

Lyc√©es pro : r√©gression organis√©e

Une marche pr quels espoirs ?

Guerre en #Ukraine, #Palestine, #Quatar‚Ä¶

https://t.co/yrIietRUWO https://t.co/QHChBJTz4F",https://pbs.twimg.com/media/FfdMcn-WIAAXwLb?format=jpg&name=large,17,9,0
60,2022-10-19 10:22:18+00:00,LutteOuvriere,"D√©but du salon d‚Äôarmement #Euronaval2022 : 480 exposants, 140 officiels. 
La guerre en Ukraine teste en condition r√©elle ces engins de morts. Les tensions internationales riment avec profits gigantesques pour les industriels de l‚Äôarmement.
Qd ils dansent, c‚Äôest sur les cadavres.",,28,16,0
61,2022-10-06 06:41:43+00:00,LutteOuvriere,"https://t.co/yrIietAk5g
Retraites : d√©claration de guerre de Macron
Inflation/ch√¥mage : 2 fa√ßons de ns appauvrir
Assurance ch√¥mage : ts attaqu√©s
Ds les entreprises : Raffineries, #PSA, #Carrefour‚Ä¶ en gr√®ve pr ‚ÜóÔ∏è salaires, #Cama√Øeu
Ds le monde : Ukraine, Iran, G-B, Burkina Faso‚Ä¶ https://t.co/7pefaod7lQ",https://pbs.twimg.com/media/FeXekcRXgAArmfg?format=jpg&name=large,38,17,1
62,2022-10-03 18:55:43+00:00,LutteOuvriere,"#Ukraine : ne marchons pas derri√®re #Biden et #Macron, serviteurs de leurs capitalistes. ¬´¬†Il faut refuser de laisser notre sort entre les mains de ces irresponsables, fauteurs de crise et profiteurs de guerre¬†!¬†¬ª Tout l‚Äô√©ditorial de @n_arthaud üëáhttps://t.co/gNUcS1COtp",,25,12,2
63,2022-09-30 17:22:48+00:00,LutteOuvriere,"#Ukraine Devant les r√©f√©rendums sous occupation,Biden ou Macron crient au pi√©tinement du droit des peuples.Les peuples afghan, malien, irakien ou palestinien appr√©cieront ! Les dirigeants des grandes puissances occidentales n‚Äôont rien √† envier aux m√©thodes de soudard de Poutine ! https://t.co/8auRiBpSIC",https://pbs.twimg.com/media/Fd63wwQXwA83rmc?format=jpg&name=large,41,24,1
64,2022-09-15 10:22:00+00:00,LutteOuvriere,"Ventes d'#armes en augmentation: pas de quoi pavoiser.

Quand tous les g√©n√©raux du monde se mettront √† utiliser ces forces destructrices et qu‚Äôici aussi les villes ressembleront aux ruines qu‚Äôon voit en #Ukraine ou au #Y√©men, les cocoricos ressembleront √† la sonnerie aux morts. https://t.co/SDuz4YdVy9",https://pbs.twimg.com/tweet_video_thumb/FcsHlr0X0AATOk3.jpg,16,15,0
65,2022-09-07 04:59:52+00:00,LutteOuvriere,"M√™me quand le profiteur de guerre joue au gentil, #Total continue √† augmenter ses profits colossaux. 18,8 milliards engrang√©s en 6 mois,  3 fois plus que l'ann√©e derni√®re, mais ces profits sont tach√©s du sang de la guerre en #Ukraine.",,31,19,0
66,2022-08-17 12:34:57+00:00,LutteOuvriere,"#Zaporijjia :
L'utilisation de la menace que fait peser une centrale nucl√©aire, illustre le m√©pris des gouvernants russes et ukrainiens, et de leurs soutiens occidentaux, pour la population qui est otage et victime de cette guerre  russo-am√©ricaine par #Ukraine interpos√©e. https://t.co/1OyLO1i0U0",https://pbs.twimg.com/media/FaXOxW9WYAAVhMR?format=jpg&name=large,30,11,4
67,2022-08-14 15:26:23+00:00,LutteOuvriere,"En Sierra Leone, ancienne colonie britannique, l'#inflation s'est aggrav√©e avec la guerre en Ukraine. Les prix du riz, de l'huile, du carburant s‚Äôenvolent. La pire crise alimentaire depuis 10 ans. 
Le capitalisme fait des ravages dans le monde entier. √Ä renverser d‚Äôurgence ‚úä",,36,20,0
68,2022-06-21 14:50:34+00:00,LutteOuvriere,"#Ukraine: l'interdiction de la #musique #russe ne peut avoir comme objectif que de diviser les populations de la r√©gion et d'attiser les haines.

La m√©lodie que joue ainsi l‚Äô√âtat ukrainien est en miroir de celle de Poutine : une impasse sanglante pour la population travailleuse.",,24,12,1
69,2022-06-16 05:55:07+00:00,LutteOuvriere,Un reportage qui montre que l'on est bien loin de la l√©gende de la guerre patriotique en #Ukraine. Les civils subissent la guerre et ont peur de critiquer l'arm√©e ukrainienne. Russe ou ukrainienne les arm√©es sont les ennemies des travailleurs. https://t.co/f7bfwnhCSx,,32,24,4
70,2022-04-14 10:04:37+00:00,LutteOuvriere,"Au sommaire :
-La pr√©sidentielle, et apr√®s : seule la classe ouvri√®re consciente peut faire face aux menaces
-Macron : malvenu chez les Ch‚Äôtis
-Le Pen : d√©magogue et ennemie des travailleurs
-Ukraine, famine en Afrique, gr√®ves √† Amazon, Dassault Aviation
üëâhttps://t.co/yrIietAk5g https://t.co/fhy6IgCLQO",https://pbs.twimg.com/media/FQS-yKyXMAQ5aFj?format=jpg&name=large,29,22,0
71,2022-04-04 10:38:55+00:00,LutteOuvriere,"@BFMTV @n_arthaud : Les images de #ButchaMassacre sont insoutenables. Terreur et horreur √† l‚Äô√©tat brut. Ces crimes creusent un foss√© de sang entre 2 peuples fr√®res pour des ann√©es. A bas tous les nationalismes, toutes les guerres imp√©rialistes ! En Ukraine, au Mali ou au Proche-Orient !",,12,9,1
72,2022-03-21 21:58:26+00:00,LutteOuvriere,Le capitalisme m√®ne le monde √† la catastrophe avec la peau des peuples. Seuls les exploit√©s repr√©sentent 1 force consid√©rable capable de renverser cet ordre social mondial immonde ‚û°Ô∏è s‚Äôorganiser et s‚Äôunir pour se battre pr nos int√©r√™ts de classe #Ukraineüëáhttps://t.co/9ovXnYbWcD,,19,10,2
73,2022-03-19 16:48:23+00:00,LutteOuvriere,"La r√©alit√© capitaliste nous rattrape, on est confront√© √† un syst√®me qui produit des guerres. Interview de @n_arthaud aujourd'hui sur LCI üëá
#Ukraine #Presidentielle2022 https://t.co/6PidBpRuMf",https://pbs.twimg.com/media/FOOhxb8XsAgqq43.jpg,25,12,1
74,2022-03-17 16:57:31+00:00,LutteOuvriere,"#Biden traite #Poutine de criminel de guerre.
√âvidemment, Poutine m√®ne une sale guerre en #Ukraine.
Mais que dire de celles men√©es en #Irak, #Afghanistan, en #Afrique par les  √âtats-Unis et la France ? https://t.co/BQnxglTd1t",https://pbs.twimg.com/media/FOEQw5wWQAQBoC2?format=jpg&name=large,44,17,4
75,2022-03-14 22:35:01+00:00,LutteOuvriere,"La guerre en Ukraine, une catastrophe pour les peuples, des affaires exceptionnelles pour les marchands de canons.

√âditorial des bulletins d'entreprise üëá
https://t.co/jxETWbjG6C",,21,15,0
76,2022-03-09 06:08:43+00:00,LutteOuvriere,"D√©couvrez notre dossier sur la guerre en Ukraine ‚û°Ô∏è de nombreux liens vers les prises de position de Lutte ouvri√®re sur le conflit en #Ukraine depuis f√©vrier 2022, mais aussi des analyses plus anciennes (depuis 2014) dans le cadre de nos publicationsüëá https://t.co/W1GqyA51NJ",,18,12,0
77,2022-03-06 08:19:41+00:00,LutteOuvriere,"Nos prises de position sur la situation en Ukraine depuis 2014 üëá

https://t.co/W1GqyA51NJ https://t.co/DCfLY9VmsB",https://pbs.twimg.com/media/FNJwv4dWYAAS321?format=jpg&name=large,55,31,2
78,2022-03-04 17:03:46+00:00,LutteOuvriere,"ü§Æ La guerre en Ukraine fait  s‚Äôenvoler les actions de Dassault Aviation ( + 8,27 %) et de Thales (+ 11,76 %). Morts, r√©fugi√©s, vies bris√©es‚Ä¶ rien ne d√©go√ªte les investisseurs devant la perspective de profits suppl√©mentaires. https://t.co/s6mz5KOSob",https://pbs.twimg.com/media/FNBVicpXwAEks3q?format=jpg&name=large,29,19,0
79,2022-03-02 10:20:44+00:00,LutteOuvriere,"En mars 2015, nous analysions la situation en #Ukraine apr√®s 1 an de guerre :
L'expos√© en vid√©o üëá
https://t.co/x2jQtgsui1

Et le texte complet :üëá
https://t.co/WynAGHoSQg",,19,12,0
80,2022-03-01 07:55:00+00:00,LutteOuvriere,"L'intervention russe en #Ukraine est le pr√©texte d'une nouvelle ‚Üó des prix. 
Le gvt et les partis de la bourgeoisie appellent √† serrer les rangs derri√®re leur politique pour que les travailleurs acceptent sans rien dire un nouveau recul de leur niveau de vie. 
üëâ Pas question ! https://t.co/jTISDanMTB",https://pbs.twimg.com/media/FMvmEoNWYAEDmuZ?format=jpg&name=large,14,4,0
81,2022-02-28 15:28:59+00:00,LutteOuvriere,"@n_arthaud a d√©clin√© une r√©union inutile de #Castex, gesticulation du gvt pour masquer son impuissance. 
Solidarit√© avec le peuple en #Ukraine et sa capacit√© √† se d√©fendre eux-m√™mes contre Poutine ET contre les imp√©rialistes, qui tous se fichent de l'int√©r√™t des populations https://t.co/yd9G62nZAj",https://pbs.twimg.com/media/FMsXo0GWYAMLA4H.jpg,27,11,3
82,2022-02-27 16:52:17+00:00,LutteOuvriere,L'intervention russe en #Ukraine est le pr√©texte d'une nouvelle ‚ÜóÔ∏è du prix des mati√®res premi√®res. Le gvt  et les partis de la bourgeoisie jouent l‚Äôair de l‚Äôunit√© nationale pour nous faire accepter ce nouveau recul de notre niveau de vie. Pas question¬†! https://t.co/Bb5kfrJL1J,,17,10,0
83,2022-02-27 16:35:55+00:00,LutteOuvriere,Nathalie Arthaud au Banquet Lutte ouvri√®re de Maison Alfort¬†samedi soir :¬†notre point de vue sur la situation en #Ukraine https://t.co/dat8pXMyt9,,16,11,1
84,2022-03-13 19:53:51+00:00,patrice_leclerc,@Villepin appelle √† mieux √©couter les sp√©cialistes du quai d‚ÄôOrsay sur l‚ÄôUkraine. Il a raison c‚Äôest vrai aussi sur la Palestine ou @EmmanuelMacron √† dit l‚Äôinverse des r√©solutions de l‚Äô@ONU_fr sur J√©rusalem et d√®s positions historiques de la France.,,0,0,0
85,2022-03-03 13:36:22+00:00,CelineMalaise,"S‚Äôoccuper de l‚ÄôUkraine √† d√©faut de s‚Äôoccuper des RER‚Ä¶ 

(Je sais c‚Äôest facile ‚Ä¶ mais c‚Äôest trop tentant‚Ä¶ et facile !)
 https://t.co/pKOy1fhuZp",https://pbs.twimg.com/ext_tw_video_thumb/1499016879419105282/pu/img/GCTzgdAcGn7-E1jf.jpg,7,3,0
86,2022-03-01 14:24:24+00:00,CelineMalaise,"Pour une action globale et concert√©e, la solidarit√© entre les peuples et les √âtats est un imp√©ratif. L‚Äôinvasion de l‚ÄôUkraine prouve que l‚Äôaction politique peut √™tre et m√™me √™tre rapide, concert√©e.
Il est plus que temps que les √âtats agissent pour le climat et notre futur commun.",,1,1,0
87,2022-11-12 17:20:05+00:00,vincent_boulet,"üá∫üá¶Solidarit√© avec le Parti Communiste d'Ukraine ! 
üö´Le minist√®re de la Justice ukrainien a publi√© mercredi dernier la liste de ses biens, qui sont confisqu√©s. 
C'est une honte. 
‚û°Ô∏èLa guerre ne justifie pas l'arbitraire 
@PCF_monde",,157,74,0
88,2022-05-02 17:19:42+00:00,vincent_boulet,"2 mai 2014. Odessa. 48 morts. 
Toute la v√©rit√© et toutes les responsabilit√©s doivent √™tre √©tablies pour l'ensemble des crimes commis en Ukraine quels que soient les auteurs et les commanditaires.",,28,9,2
89,2022-03-08 08:25:17+00:00,NavidHussain,"A Ep√¥ne samedi soyons nombreux ! 

#Ukraine üá∫üá¶ https://t.co/fpCSVPv306",https://pbs.twimg.com/media/FNUFOinXEAI0wwv?format=jpg&name=large,0,0,0
90,2022-02-27 11:34:11+00:00,NavidHussain,"Nous devons accueillir ceux et celles qui font le choix de quitter l'Ukraine face √† l'horreur, et ensuite soutenir les initiatives visant √† refuser la guerre tout en apportant un message de paix. 
2/3",,0,0,1
91,2022-02-27 11:34:10+00:00,NavidHussain,"Comme le disait Jacques Prevert ""quelle connerie la guerre !"" 

Nous devons tous et toutes porter un message de paix, l'attaque #Russe envers l' #Ukraine est terrible, cette attaque offre une tribune aux nationalistes et extr√©mistes. 1/3 https://t.co/SgCiH1bKtf",https://pbs.twimg.com/media/FMmaJqyX0Awcovv?format=jpg&name=large,1,0,1
92,2022-02-24 15:49:29+00:00,NavidHussain,"@RaphaelleRL On parle de Jadot sur l'Ukraine ? 
Chercher la petite phrase pour pol√©miquer c'est usant.",,4,0,0
